STATION,STATION_NAME,DATE,PRCP,SNWD,TMAX,TMIN
GHCND:DAM00006030,FLYVESTATION AALBORG DA,20150101,8,-9999,-9999,34
GHCND:DAM00006030,FLYVESTATION AALBORG DA,20150102,41,-9999,101,47
GHCND:DAM00006030,FLYVESTATION AALBORG DA,20150103,38,-9999,-9999,-9999
GHCND:DAM00006030,FLYVESTATION AALBORG DA,20150104,0,-9999,55,28
GHCND:DAM00006030,FLYVESTATION AALBORG DA,20150105,114,-9999,52,9
GHCND:DAM00006030,FLYVESTATION AALBORG DA,20150106,5,-9999,-9999,-9999
GHCND:DAM00006030,FLYVESTATION AALBORG DA,20150107,20,-9999,-9999,29
GHCND:DAM00006030,FLYVESTATION AALBORG DA,20150108,20,-9999,-9999,-9999
GHCND:DAM00006030,FLYVESTATION AALBORG DA,20150109,23,-9999,-9999,-9999
GHCND:DAM00006030,FLYVESTATION AALBORG DA,20150110,180,-9999,-9999,36
GHCND:DAM00006030,FLYVESTATION AALBORG DA,20150111,94,-9999,64,-9999
GHCND:DAM00006030,FLYVESTATION AALBORG DA,20150112,33,-9999,80,40
GHCND:DAM00006030,FLYVESTATION AALBORG DA,20150113,51,-9999,73,28
GHCND:DAM00006030,FLYVESTATION AALBORG DA,20150114,66,-9999,43,16
GHCND:DAM00006030,FLYVESTATION AALBORG DA,20150115,5,-9999,-9999,22
GHCND:DAM00006030,FLYVESTATION AALBORG DA,20150116,69,-9999,71,-9999
GHCND:DAM00006030,FLYVESTATION AALBORG DA,20150117,13,-9999,54,-9999
GHCND:DAM00006030,FLYVESTATION AALBORG DA,20150118,25,-9999,-9999,-9999
GHCND:DAM00006030,FLYVESTATION AALBORG DA,20150119,0,-9999,-9999,3
GHCND:DAM00006030,FLYVESTATION AALBORG DA,20150120,28,-9999,24,8
GHCND:DAM00006030,FLYVESTATION AALBORG DA,20150121,79,10,20,-4
GHCND:DAM00006030,FLYVESTATION AALBORG DA,20150122,13,10,14,-2
GHCND:DAM00006030,FLYVESTATION AALBORG DA,20150123,0,-9999,-9999,-25
GHCND:DAM00006030,FLYVESTATION AALBORG DA,20150124,5,20,-9999,-9999
GHCND:DAM00006030,FLYVESTATION AALBORG DA,20150125,0,30,42,-28
GHCND:DAM00006030,FLYVESTATION AALBORG DA,20150126,10,20,53,8
GHCND:DAM00006030,FLYVESTATION AALBORG DA,20150127,58,-9999,-9999,14
GHCND:DAM00006030,FLYVESTATION AALBORG DA,20150128,3,-9999,-9999,-9999
GHCND:DAM00006030,FLYVESTATION AALBORG DA,20150129,89,20,47,-9999
GHCND:DAM00006030,FLYVESTATION AALBORG DA,20150130,5,10,-9999,-9999
GHCND:DAM00006030,FLYVESTATION AALBORG DA,20150131,0,-9999,25,-9999
GHCND:DAM00006030,FLYVESTATION AALBORG DA,20150201,3,-9999,22,-9999
GHCND:DAM00006030,FLYVESTATION AALBORG DA,20150202,91,-9999,13,-20
GHCND:DAM00006030,FLYVESTATION AALBORG DA,20150203,15,-9999,-9999,-9999
GHCND:DAM00006030,FLYVESTATION AALBORG DA,20150204,0,-9999,-9999,-113
GHCND:DAM00006030,FLYVESTATION AALBORG DA,20150205,0,-9999,-9999,-9999
GHCND:DAM00006030,FLYVESTATION AALBORG DA,20150206,0,-9999,-9999,-39
GHCND:DAM00006030,FLYVESTATION AALBORG DA,20150207,3,-9999,-9999,15
GHCND:DAM00006030,FLYVESTATION AALBORG DA,20150208,0,-9999,-9999,18
GHCND:DAM00006030,FLYVESTATION AALBORG DA,20150209,5,-9999,-9999,40
GHCND:DAM00006030,FLYVESTATION AALBORG DA,20150210,0,-9999,-9999,34
GHCND:DAM00006030,FLYVESTATION AALBORG DA,20150211,0,-9999,60,-9999
GHCND:DAM00006030,FLYVESTATION AALBORG DA,20150212,0,-9999,-9999,-9999
GHCND:DAM00006030,FLYVESTATION AALBORG DA,20150213,5,-9999,42,-9999
GHCND:DAM00006030,FLYVESTATION AALBORG DA,20150214,0,-9999,24,-9999
GHCND:DAM00006030,FLYVESTATION AALBORG DA,20150215,0,-9999,-9999,3
GHCND:DAM00006030,FLYVESTATION AALBORG DA,20150216,3,-9999,34,-9999
GHCND:DAM00006030,FLYVESTATION AALBORG DA,20150217,0,-9999,-9999,19
GHCND:DAM00006030,FLYVESTATION AALBORG DA,20150218,3,-9999,-9999,-9999
GHCND:DAM00006030,FLYVESTATION AALBORG DA,20150219,18,-9999,64,-9999
GHCND:DAM00006030,FLYVESTATION AALBORG DA,20150220,8,-9999,60,-9999
GHCND:DAM00006030,FLYVESTATION AALBORG DA,20150221,0,-9999,-9999,-9999
GHCND:DAM00006030,FLYVESTATION AALBORG DA,20150222,3,-9999,-9999,20
GHCND:DAM00006030,FLYVESTATION AALBORG DA,20150223,0,-9999,-9999,-9999
GHCND:DAM00006030,FLYVESTATION AALBORG DA,20150224,18,-9999,-9999,-9999
GHCND:DAM00006030,FLYVESTATION AALBORG DA,20150225,33,-9999,-9999,-9999
GHCND:DAM00006030,FLYVESTATION AALBORG DA,20150226,5,-9999,-9999,8
GHCND:DAM00006030,FLYVESTATION AALBORG DA,20150227,0,-9999,-9999,-9999
GHCND:DAM00006030,FLYVESTATION AALBORG DA,20150228,0,-9999,-9999,-6
GHCND:DAM00006030,FLYVESTATION AALBORG DA,20150301,18,-9999,-9999,25
GHCND:DAM00006030,FLYVESTATION AALBORG DA,20150302,43,-9999,-9999,-9999
GHCND:DAM00006030,FLYVESTATION AALBORG DA,20150303,0,-9999,-9999,-9999
GHCND:DAM00006030,FLYVESTATION AALBORG DA,20150304,20,-9999,-9999,-2
GHCND:DAM00006030,FLYVESTATION AALBORG DA,20150305,0,-9999,-9999,5
GHCND:DAM00006030,FLYVESTATION AALBORG DA,20150306,0,-9999,-9999,58
GHCND:DAM00006030,FLYVESTATION AALBORG DA,20150307,0,-9999,-9999,50
GHCND:DAM00006030,FLYVESTATION AALBORG DA,20150308,0,-9999,-9999,-9999
GHCND:DAM00006030,FLYVESTATION AALBORG DA,20150309,3,-9999,-9999,30
GHCND:DAM00006030,FLYVESTATION AALBORG DA,20150310,10,-9999,-9999,-9999
GHCND:DAM00006030,FLYVESTATION AALBORG DA,20150311,0,-9999,-9999,-9999
GHCND:DAM00006030,FLYVESTATION AALBORG DA,20150312,0,-9999,-9999,-9999
GHCND:DAM00006030,FLYVESTATION AALBORG DA,20150313,0,-9999,-9999,-25
GHCND:DAM00006030,FLYVESTATION AALBORG DA,20150314,0,-9999,-9999,-20
GHCND:DAM00006030,FLYVESTATION AALBORG DA,20150315,0,-9999,-9999,18
GHCND:DAM00006030,FLYVESTATION AALBORG DA,20150316,0,-9999,-9999,-9999
GHCND:DAM00006030,FLYVESTATION AALBORG DA,20150317,0,-9999,-9999,45
GHCND:DAM00006030,FLYVESTATION AALBORG DA,20150318,0,-9999,101,-9999
GHCND:DAM00006030,FLYVESTATION AALBORG DA,20150319,0,-9999,125,-17
GHCND:DAM00006030,FLYVESTATION AALBORG DA,20150320,0,-9999,-9999,37
GHCND:DAM00006030,FLYVESTATION AALBORG DA,20150322,0,-9999,-9999,-9999
GHCND:DAM00006030,FLYVESTATION AALBORG DA,20150323,0,-9999,-9999,25
GHCND:DAM00006030,FLYVESTATION AALBORG DA,20150324,5,-9999,102,26
GHCND:DAM00006030,FLYVESTATION AALBORG DA,20150325,0,-9999,66,-9999
GHCND:DAM00006030,FLYVESTATION AALBORG DA,20150326,-9999,-9999,73,-9999
GHCND:DAM00006030,FLYVESTATION AALBORG DA,20150327,-9999,-9999,84,16
GHCND:DAM00006030,FLYVESTATION AALBORG DA,20150328,-9999,-9999,92,-9999
GHCND:DAM00006030,FLYVESTATION AALBORG DA,20150329,30,-9999,102,50
GHCND:DAM00006030,FLYVESTATION AALBORG DA,20150330,48,-9999,-9999,-9999
GHCND:DAM00006030,FLYVESTATION AALBORG DA,20150331,3,-9999,61,20
GHCND:DAM00006030,FLYVESTATION AALBORG DA,20150401,13,-9999,-9999,30
GHCND:DAM00006030,FLYVESTATION AALBORG DA,20150402,0,-9999,-9999,-1
GHCND:DAM00006030,FLYVESTATION AALBORG DA,20150403,0,-9999,-9999,-12
GHCND:DAM00006030,FLYVESTATION AALBORG DA,20150404,0,-9999,95,-24
GHCND:DAM00006030,FLYVESTATION AALBORG DA,20150405,0,-9999,-9999,-20
GHCND:DAM00006030,FLYVESTATION AALBORG DA,20150406,0,-9999,120,-28
GHCND:DAM00006030,FLYVESTATION AALBORG DA,20150407,0,-9999,120,55
GHCND:DAM00006030,FLYVESTATION AALBORG DA,20150408,0,-9999,-9999,-9999
GHCND:DAM00006030,FLYVESTATION AALBORG DA,20150409,0,-9999,122,32
GHCND:DAM00006030,FLYVESTATION AALBORG DA,20150410,0,-9999,121,-9999
GHCND:DAM00006030,FLYVESTATION AALBORG DA,20150411,0,-9999,203,25
GHCND:DAM00006030,FLYVESTATION AALBORG DA,20150412,13,-9999,108,-9999
GHCND:DAM00006030,FLYVESTATION AALBORG DA,20150413,15,-9999,-9999,46
GHCND:DAM00006030,FLYVESTATION AALBORG DA,20150414,5,-9999,106,45
GHCND:DAM00006030,FLYVESTATION AALBORG DA,20150415,33,-9999,94,-9999
GHCND:DAM00006030,FLYVESTATION AALBORG DA,20150416,0,-9999,105,-9999
GHCND:DAM00006030,FLYVESTATION AALBORG DA,20150417,0,-9999,125,28
GHCND:DAM00006030,FLYVESTATION AALBORG DA,20150418,0,-9999,140,9
GHCND:DAM00006030,FLYVESTATION AALBORG DA,20150419,3,-9999,146,-9999
GHCND:DAM00006030,FLYVESTATION AALBORG DA,20150420,0,-9999,-9999,28
GHCND:DAM00006030,FLYVESTATION AALBORG DA,20150421,0,-9999,162,-9999
GHCND:DAM00006030,FLYVESTATION AALBORG DA,20150422,0,-9999,-9999,38
GHCND:DAM00006030,FLYVESTATION AALBORG DA,20150423,0,-9999,133,-9999
GHCND:DAM00006030,FLYVESTATION AALBORG DA,20150424,0,-9999,117,-9999
GHCND:DAM00006030,FLYVESTATION AALBORG DA,20150425,-9999,-9999,151,-9999
GHCND:DAM00006030,FLYVESTATION AALBORG DA,20150426,5,-9999,121,-9999
GHCND:DAM00006030,FLYVESTATION AALBORG DA,20150427,0,-9999,109,13
GHCND:DAM00006030,FLYVESTATION AALBORG DA,20150428,0,-9999,116,24
GHCND:DAM00006030,FLYVESTATION AALBORG DA,20150429,10,-9999,130,30
GHCND:DAM00006030,FLYVESTATION AALBORG DA,20150430,0,-9999,-9999,-9999
GHCND:DAM00006030,FLYVESTATION AALBORG DA,20150501,0,-9999,112,25
GHCND:DAM00006030,FLYVESTATION AALBORG DA,20150502,0,-9999,134,39
GHCND:DAM00006030,FLYVESTATION AALBORG DA,20150503,0,-9999,126,7
GHCND:DAM00006030,FLYVESTATION AALBORG DA,20150504,-9999,-9999,164,-9999
GHCND:DAM00006030,FLYVESTATION AALBORG DA,20150505,-9999,-9999,173,-9999
GHCND:DAM00006030,FLYVESTATION AALBORG DA,20150506,0,-9999,170,88
GHCND:DAM00006030,FLYVESTATION AALBORG DA,20150507,-9999,-9999,115,-9999
GHCND:DAM00006030,FLYVESTATION AALBORG DA,20150508,-9999,-9999,114,-9999
GHCND:DAM00006030,FLYVESTATION AALBORG DA,20150509,0,-9999,-9999,20
GHCND:DAM00006030,FLYVESTATION AALBORG DA,20150510,46,-9999,-9999,74
GHCND:DAM00006030,FLYVESTATION AALBORG DA,20150511,0,-9999,203,-9999
GHCND:DAM00006030,FLYVESTATION AALBORG DA,20150512,-9999,-9999,-9999,87
GHCND:DAM00006030,FLYVESTATION AALBORG DA,20150513,8,-9999,127,-9999
GHCND:DAM00006030,FLYVESTATION AALBORG DA,20150514,-9999,-9999,169,-9999
GHCND:DAM00006030,FLYVESTATION AALBORG DA,20150515,-9999,-9999,162,-9999
GHCND:DAM00006030,FLYVESTATION AALBORG DA,20150516,0,-9999,-9999,74
GHCND:DAM00006030,FLYVESTATION AALBORG DA,20150517,-9999,-9999,127,-9999
GHCND:DAM00006030,FLYVESTATION AALBORG DA,20150518,10,-9999,134,54
GHCND:DAM00006030,FLYVESTATION AALBORG DA,20150519,56,-9999,142,-9999
GHCND:DAM00006030,FLYVESTATION AALBORG DA,20150520,41,-9999,139,59
GHCND:DAM00006030,FLYVESTATION AALBORG DA,20150521,3,-9999,143,51
GHCND:DAM00006030,FLYVESTATION AALBORG DA,20150522,0,-9999,-9999,-9999
GHCND:DAM00006030,FLYVESTATION AALBORG DA,20150523,25,-9999,138,-9999
GHCND:DAM00006030,FLYVESTATION AALBORG DA,20150524,0,-9999,155,69
GHCND:DAM00006030,FLYVESTATION AALBORG DA,20150525,13,-9999,136,80
GHCND:DAM00006030,FLYVESTATION AALBORG DA,20150526,25,-9999,146,85
GHCND:DAM00006030,FLYVESTATION AALBORG DA,20150527,0,-9999,141,-9999
GHCND:DAM00006030,FLYVESTATION AALBORG DA,20150528,3,-9999,-9999,-9999
GHCND:DAM00006030,FLYVESTATION AALBORG DA,20150529,33,-9999,-9999,67
GHCND:DAM00006030,FLYVESTATION AALBORG DA,20150530,0,-9999,139,-9999
GHCND:DAM00006030,FLYVESTATION AALBORG DA,20150531,8,-9999,162,87
GHCND:DAM00006030,FLYVESTATION AALBORG DA,20150601,66,-9999,145,-9999
GHCND:DAM00006030,FLYVESTATION AALBORG DA,20150602,0,-9999,-9999,-9999
GHCND:DAM00006030,FLYVESTATION AALBORG DA,20150603,104,-9999,143,-9999
GHCND:DAM00006030,FLYVESTATION AALBORG DA,20150604,0,-9999,162,-9999
GHCND:DAM00006030,FLYVESTATION AALBORG DA,20150605,0,-9999,193,56
GHCND:DAM00006030,FLYVESTATION AALBORG DA,20150606,28,-9999,-9999,-9999
GHCND:DAM00006030,FLYVESTATION AALBORG DA,20150607,0,-9999,163,-9999
GHCND:DAM00006030,FLYVESTATION AALBORG DA,20150608,0,-9999,171,-9999
GHCND:DAM00006030,FLYVESTATION AALBORG DA,20150609,0,-9999,-9999,58
GHCND:DAM00006030,FLYVESTATION AALBORG DA,20150610,0,-9999,164,88
GHCND:DAM00006030,FLYVESTATION AALBORG DA,20150611,0,-9999,189,109
GHCND:DAM00006030,FLYVESTATION AALBORG DA,20150612,0,-9999,214,92
GHCND:DAM00006030,FLYVESTATION AALBORG DA,20150613,0,-9999,-9999,99
GHCND:DAM00006030,FLYVESTATION AALBORG DA,20150614,51,-9999,142,-9999
GHCND:DAM00006030,FLYVESTATION AALBORG DA,20150615,0,-9999,146,86
GHCND:DAM00006030,FLYVESTATION AALBORG DA,20150616,0,-9999,160,77
GHCND:DAM00006030,FLYVESTATION AALBORG DA,20150617,-9999,-9999,142,-9999
GHCND:DAM00006030,FLYVESTATION AALBORG DA,20150618,-9999,-9999,151,-9999
GHCND:DAM00006030,FLYVESTATION AALBORG DA,20150619,3,-9999,175,-9999
GHCND:DAM00006030,FLYVESTATION AALBORG DA,20150620,0,-9999,-9999,102
GHCND:DAM00006030,FLYVESTATION AALBORG DA,20150621,0,-9999,-9999,-9999
GHCND:DAM00006030,FLYVESTATION AALBORG DA,20150622,-9999,-9999,153,-9999
GHCND:DAM00006030,FLYVESTATION AALBORG DA,20150624,-9999,-9999,140,-9999
GHCND:DAM00006030,FLYVESTATION AALBORG DA,20150625,-9999,-9999,156,-9999
GHCND:DAM00006030,FLYVESTATION AALBORG DA,20150626,0,-9999,184,87
GHCND:DAM00006030,FLYVESTATION AALBORG DA,20150627,5,-9999,188,-9999
GHCND:DAM00006030,FLYVESTATION AALBORG DA,20150628,5,-9999,193,129
GHCND:DAM00006030,FLYVESTATION AALBORG DA,20150629,58,-9999,207,-9999
GHCND:DAM00006030,FLYVESTATION AALBORG DA,20150630,0,-9999,198,-9999
GHCND:DAM00006030,FLYVESTATION AALBORG DA,20150701,0,-9999,243,-9999
GHCND:DAM00006030,FLYVESTATION AALBORG DA,20150702,0,-9999,-9999,143
GHCND:DAM00006030,FLYVESTATION AALBORG DA,20150703,0,-9999,262,-9999
GHCND:DAM00006030,FLYVESTATION AALBORG DA,20150704,0,-9999,271,133
GHCND:DAM00006030,FLYVESTATION AALBORG DA,20150705,3,-9999,235,155
GHCND:DAM00006030,FLYVESTATION AALBORG DA,20150706,0,-9999,-9999,-9999
GHCND:DAM00006030,FLYVESTATION AALBORG DA,20150707,0,-9999,223,-9999
GHCND:DAM00006030,FLYVESTATION AALBORG DA,20150708,18,-9999,185,-9999
GHCND:DAM00006030,FLYVESTATION AALBORG DA,20150709,0,-9999,176,-9999
GHCND:DAM00006030,FLYVESTATION AALBORG DA,20150710,13,-9999,-9999,-9999
GHCND:DAM00006030,FLYVESTATION AALBORG DA,20150711,0,-9999,192,96
GHCND:DAM00006030,FLYVESTATION AALBORG DA,20150712,13,-9999,205,139
GHCND:DAM00006030,FLYVESTATION AALBORG DA,20150713,0,-9999,191,-9999
GHCND:DAM00006030,FLYVESTATION AALBORG DA,20150714,0,-9999,190,128
GHCND:DAM00006030,FLYVESTATION AALBORG DA,20150715,0,-9999,186,-9999
GHCND:DAM00006030,FLYVESTATION AALBORG DA,20150716,0,-9999,181,108
GHCND:DAM00006030,FLYVESTATION AALBORG DA,20150717,-9999,-9999,191,-9999
GHCND:DAM00006030,FLYVESTATION AALBORG DA,20150718,0,-9999,203,-9999
GHCND:DAM00006030,FLYVESTATION AALBORG DA,20150719,0,-9999,202,119
GHCND:DAM00006030,FLYVESTATION AALBORG DA,20150720,51,-9999,185,-9999
GHCND:DAM00006030,FLYVESTATION AALBORG DA,20150721,25,-9999,203,96
GHCND:DAM00006030,FLYVESTATION AALBORG DA,20150722,25,-9999,216,-9999
GHCND:DAM00006030,FLYVESTATION AALBORG DA,20150723,0,-9999,184,-9999
GHCND:DAM00006030,FLYVESTATION AALBORG DA,20150724,0,-9999,203,-9999
GHCND:DAM00006030,FLYVESTATION AALBORG DA,20150725,25,-9999,169,127
GHCND:DAM00006030,FLYVESTATION AALBORG DA,20150726,0,-9999,165,-9999
GHCND:DAM00006030,FLYVESTATION AALBORG DA,20150727,0,-9999,182,86
GHCND:DAM00006030,FLYVESTATION AALBORG DA,20150728,64,-9999,185,136
GHCND:DAM00006030,FLYVESTATION AALBORG DA,20150729,0,-9999,182,-9999
GHCND:DAM00006030,FLYVESTATION AALBORG DA,20150730,0,-9999,205,78
GHCND:DAM00006030,FLYVESTATION AALBORG DA,20150731,-9999,-9999,165,-9999
GHCND:DAM00006030,FLYVESTATION AALBORG DA,20150801,0,-9999,-9999,102
GHCND:DAM00006030,FLYVESTATION AALBORG DA,20150802,0,-9999,190,-9999
GHCND:DAM00006030,FLYVESTATION AALBORG DA,20150803,10,-9999,215,70
GHCND:DAM00006030,FLYVESTATION AALBORG DA,20150804,0,-9999,244,168
GHCND:DAM00006030,FLYVESTATION AALBORG DA,20150805,104,-9999,221,-9999
GHCND:DAM00006030,FLYVESTATION AALBORG DA,20150806,0,-9999,-9999,128
GHCND:DAM00006030,FLYVESTATION AALBORG DA,20150807,0,-9999,238,-9999
GHCND:DAM00006030,FLYVESTATION AALBORG DA,20150808,0,-9999,200,-9999
GHCND:DAM00006030,FLYVESTATION AALBORG DA,20150809,0,-9999,234,-9999
GHCND:DAM00006030,FLYVESTATION AALBORG DA,20150810,0,-9999,233,40
GHCND:DAM00006030,FLYVESTATION AALBORG DA,20150811,0,-9999,231,139
GHCND:DAM00006030,FLYVESTATION AALBORG DA,20150812,0,-9999,195,-9999
GHCND:DAM00006030,FLYVESTATION AALBORG DA,20150813,0,-9999,-9999,95
GHCND:DAM00006030,FLYVESTATION AALBORG DA,20150814,0,-9999,230,131
GHCND:DAM00006030,FLYVESTATION AALBORG DA,20150815,3,-9999,-9999,166
GHCND:DAM00006030,FLYVESTATION AALBORG DA,20150816,0,-9999,208,-9999
GHCND:DAM00006030,FLYVESTATION AALBORG DA,20150817,18,-9999,-9999,164
GHCND:DAM00006030,FLYVESTATION AALBORG DA,20150818,0,-9999,231,-9999
GHCND:DAM00006030,FLYVESTATION AALBORG DA,20150819,0,-9999,-9999,-9999
GHCND:DAM00006030,FLYVESTATION AALBORG DA,20150820,0,-9999,-9999,115
GHCND:DAM00006030,FLYVESTATION AALBORG DA,20150821,0,-9999,233,118
GHCND:DAM00006030,FLYVESTATION AALBORG DA,20150822,0,-9999,246,125
GHCND:DAM00006030,FLYVESTATION AALBORG DA,20150823,0,-9999,236,100
GHCND:DAM00006030,FLYVESTATION AALBORG DA,20150824,0,-9999,-9999,-9999
GHCND:DAM00006030,FLYVESTATION AALBORG DA,20150825,-9999,-9999,225,-9999
GHCND:DAM00006030,FLYVESTATION AALBORG DA,20150827,-9999,-9999,201,-9999
GHCND:DAM00006030,FLYVESTATION AALBORG DA,20150828,3,-9999,201,-9999
GHCND:DAM00006030,FLYVESTATION AALBORG DA,20150831,0,-9999,189,129
GHCND:DAM00006030,FLYVESTATION AALBORG DA,20150901,193,-9999,-9999,-9999
GHCND:DAM00006030,FLYVESTATION AALBORG DA,20150902,20,-9999,183,-9999
GHCND:DAM00006030,FLYVESTATION AALBORG DA,20150903,15,-9999,191,-9999
GHCND:DAM00006030,FLYVESTATION AALBORG DA,20150904,58,-9999,183,94
GHCND:DAM00006030,FLYVESTATION AALBORG DA,20150905,0,-9999,-9999,-9999
GHCND:DAM00006030,FLYVESTATION AALBORG DA,20150906,277,-9999,161,-9999
GHCND:DAM00006030,FLYVESTATION AALBORG DA,20150907,0,-9999,-9999,81
GHCND:DAM00006030,FLYVESTATION AALBORG DA,20150908,0,-9999,192,70
GHCND:DAM00006030,FLYVESTATION AALBORG DA,20150909,0,-9999,200,61
GHCND:DAM00006030,FLYVESTATION AALBORG DA,20150910,0,-9999,193,70
GHCND:DAM00006030,FLYVESTATION AALBORG DA,20150911,0,-9999,195,106
GHCND:DAM00006030,FLYVESTATION AALBORG DA,20150912,0,-9999,185,146
GHCND:DAM00006030,FLYVESTATION AALBORG DA,20150913,-9999,-9999,161,-9999
GHCND:DAM00006030,FLYVESTATION AALBORG DA,20150915,109,-9999,175,-9999
GHCND:DAM00006030,FLYVESTATION AALBORG DA,20150916,15,-9999,177,100
GHCND:DAM00006030,FLYVESTATION AALBORG DA,20150917,112,-9999,186,139
GHCND:DAM00006030,FLYVESTATION AALBORG DA,20150918,0,-9999,176,-9999
GHCND:DAM00006030,FLYVESTATION AALBORG DA,20150919,0,-9999,176,116
GHCND:DAM00006030,FLYVESTATION AALBORG DA,20150920,0,-9999,174,91
GHCND:DAM00006030,FLYVESTATION AALBORG DA,20150921,0,-9999,154,80
GHCND:DAM00006030,FLYVESTATION AALBORG DA,20150922,46,-9999,160,-9999
GHCND:DAM00006030,FLYVESTATION AALBORG DA,20150923,18,-9999,-9999,95
GHCND:DAM00006030,FLYVESTATION AALBORG DA,20150924,3,-9999,180,-9999
GHCND:DAM00006030,FLYVESTATION AALBORG DA,20150925,10,-9999,163,98
GHCND:DAM00006030,FLYVESTATION AALBORG DA,20150926,5,-9999,162,-9999
GHCND:DAM00006030,FLYVESTATION AALBORG DA,20150927,0,-9999,171,-9999
GHCND:DAM00006030,FLYVESTATION AALBORG DA,20150928,0,-9999,194,30
GHCND:DAM00006030,FLYVESTATION AALBORG DA,20150929,0,-9999,181,49
GHCND:DAM00006030,FLYVESTATION AALBORG DA,20150930,0,-9999,158,82
GHCND:DAM00006030,FLYVESTATION AALBORG DA,20151001,0,-9999,164,-9999
GHCND:DAM00006030,FLYVESTATION AALBORG DA,20151002,0,-9999,-9999,108
GHCND:DAM00006030,FLYVESTATION AALBORG DA,20151003,0,-9999,164,-9999
GHCND:DAM00006030,FLYVESTATION AALBORG DA,20151004,0,-9999,167,-9999
GHCND:DAM00006030,FLYVESTATION AALBORG DA,20151005,-9999,-9999,155,-9999
GHCND:DAM00006030,FLYVESTATION AALBORG DA,20151007,46,-9999,126,-9999
GHCND:DAM00006030,FLYVESTATION AALBORG DA,20151008,18,-9999,-9999,96
GHCND:DAM00006030,FLYVESTATION AALBORG DA,20151009,20,-9999,116,-9999
GHCND:DAM00006030,FLYVESTATION AALBORG DA,20151010,0,-9999,124,-9999
GHCND:DAM00006030,FLYVESTATION AALBORG DA,20151011,0,-9999,123,51
GHCND:DAM00006030,FLYVESTATION AALBORG DA,20151012,-9999,-9999,110,-9999
GHCND:DAM00006030,FLYVESTATION AALBORG DA,20151013,-9999,-9999,114,55
GHCND:DAM00006030,FLYVESTATION AALBORG DA,20151014,0,-9999,-9999,57
GHCND:DAM00006030,FLYVESTATION AALBORG DA,20151016,0,-9999,-9999,50
GHCND:DAM00006030,FLYVESTATION AALBORG DA,20151017,0,-9999,110,75
GHCND:DAM00006030,FLYVESTATION AALBORG DA,20151018,0,-9999,-9999,-9999
GHCND:DAM00006030,FLYVESTATION AALBORG DA,20151019,0,-9999,144,20
GHCND:DAM00006030,FLYVESTATION AALBORG DA,20151020,-9999,-9999,127,-9999
GHCND:DAM00006030,FLYVESTATION AALBORG DA,20151021,0,-9999,121,57
GHCND:DAM00006030,FLYVESTATION AALBORG DA,20151022,15,-9999,-9999,113
GHCND:DAM00006030,FLYVESTATION AALBORG DA,20151023,10,-9999,143,-9999
GHCND:DAM00006030,FLYVESTATION AALBORG DA,20151024,0,-9999,-9999,88
GHCND:DAM00006030,FLYVESTATION AALBORG DA,20151025,5,-9999,124,-9999
GHCND:DAM00006030,FLYVESTATION AALBORG DA,20151026,5,-9999,-9999,49
GHCND:DAM00006030,FLYVESTATION AALBORG DA,20151027,0,-9999,-9999,-9999
GHCND:DAM00006030,FLYVESTATION AALBORG DA,20151028,5,-9999,115,53
GHCND:DAM00006030,FLYVESTATION AALBORG DA,20151029,0,-9999,111,88
GHCND:DAM00006030,FLYVESTATION AALBORG DA,20151030,3,-9999,-9999,64
GHCND:DAM00006030,FLYVESTATION AALBORG DA,20151031,0,-9999,124,-9999
GHCND:DAM00006030,FLYVESTATION AALBORG DA,20151101,3,-9999,-9999,33
GHCND:DAM00006030,FLYVESTATION AALBORG DA,20151102,0,-9999,125,-9999
GHCND:DAM00006030,FLYVESTATION AALBORG DA,20151103,5,-9999,115,74
GHCND:DAM00006030,FLYVESTATION AALBORG DA,20151104,0,-9999,-9999,77
GHCND:DAM00006030,FLYVESTATION AALBORG DA,20151105,0,-9999,-9999,78
GHCND:DAM00006030,FLYVESTATION AALBORG DA,20151106,5,-9999,-9999,-9999
GHCND:DAM00006030,FLYVESTATION AALBORG DA,20151107,51,-9999,-9999,-9999
GHCND:DAM00006030,FLYVESTATION AALBORG DA,20151108,0,-9999,-9999,-9999
GHCND:DAM00006030,FLYVESTATION AALBORG DA,20151109,112,-9999,-9999,-9999
GHCND:DAM00006030,FLYVESTATION AALBORG DA,20151110,0,-9999,145,99
GHCND:DAM00006030,FLYVESTATION AALBORG DA,20151111,36,-9999,-9999,-9999
GHCND:DAM00006030,FLYVESTATION AALBORG DA,20151112,0,-9999,-9999,-9999
GHCND:DAM00006030,FLYVESTATION AALBORG DA,20151115,-9999,-9999,-9999,46
GHCND:DAM00006030,FLYVESTATION AALBORG DA,20151116,30,-9999,-9999,40
GHCND:DAM00006030,FLYVESTATION AALBORG DA,20151117,48,-9999,93,49
GHCND:DAM00006030,FLYVESTATION AALBORG DA,20151118,56,-9999,-9999,-9999
GHCND:DAM00006030,FLYVESTATION AALBORG DA,20151119,0,-9999,-9999,-9999
GHCND:DAM00006030,FLYVESTATION AALBORG DA,20151120,15,-9999,62,-9999
GHCND:DAM00006030,FLYVESTATION AALBORG DA,20151121,0,-9999,-9999,-2
GHCND:DAM00006030,FLYVESTATION AALBORG DA,20151122,-9999,-9999,25,-9999
GHCND:DAM00006030,FLYVESTATION AALBORG DA,20151123,0,-9999,-9999,-58
GHCND:DAM00006030,FLYVESTATION AALBORG DA,20151124,13,-9999,72,30
GHCND:DAM00006030,FLYVESTATION AALBORG DA,20151125,38,-9999,72,-9999
GHCND:DAM00006030,FLYVESTATION AALBORG DA,20151126,0,-9999,-9999,-22
GHCND:DAM00006030,FLYVESTATION AALBORG DA,20151127,0,-9999,102,31
